1149,Afghanistan
1126,Africa
1059,Analysis
1132,Animals
1142,Architecture
1091,Around the Nation
1047,Art & Design
1008,Arts & Life
1125,Asia
1033,Author Interviews
1161,Book News & Features
1034,Book Reviews
1032,Books
1130,Brain Candy
1006,Business
1095,Business Story of the Day
1030,Children's Health
1058,Columns
1060,Commentary
1145,Dance
1049,Digital Life
1017,Economy
1013,Education
139482413,Elections
1131,Energy
1025,Environment
1124,Europe
1141,Fine Art
1134,Fitness & Nutrition
1053,Food
1061,From Our Listeners
1052,Games & Humor
1031,Global Health
1123,Governing
1128,Health
1027,Health Care
1136,History
1002,Home Page Top Stories
1129,Humans
1022,Interviews
1010,Iraq
1101,Israeli-Palestinian Coverage
1127,Latin America
1070,Law
1020,Media
1135,Medical Treatments
1029,Mental Health
1009,Middle East
1137,Movie Interviews
4467349,Movie Reviews
1045,Movies
1147,Multimedia
1122,National Security
1001,News
1150,NPR News Investigations
1028,On Aging
1133,On Disabilities
1057,Opinion
1046,Performing Arts
1143,Photography
455776378,Political Data & Technology
455778960,Political Demographics
1014,Politics
455779148,Politics & Pop Culture
455779263,Politics: Fact Check
455779709,Politics: Issues
455779583,Politics: Member Stations
1048,Pop Culture
1015,Race
1139,Recipes
1016,Religion
1062,Remembrances
1024,Research News
1007,Science
1026,Space
1055,Sports
1090,Story of the Day
1146,Strange News
1019,Technology
1138,Television
1078,The Impact of War
1144,Theater
1003,U.S.
1004,World
1056,World Story of the Day
1066,Your Health
1018,Your Money